cluster,school_count,sap_ind,autonomous_ind,gifted_ind,ip_ind,sap_ind_pct,autonomous_ind_pct,gifted_ind_pct,ip_ind_pct,cluster_center_lat,cluster_center_lng
0,42,1,2,0,1,2.4,4.8,0.0,2.4,1.3414957369987757,103.72889990627925
1,51,10,11,4,4,19.6,21.6,7.8,7.8,1.330825704375154,103.8713439863961
2,50,0,1,0,0,0.0,2.0,0.0,0.0,1.4352945488993298,103.81293793458431
3,41,7,4,8,10,17.1,9.8,19.5,24.4,1.3087906392991093,103.81071925616509
4,33,1,3,0,1,3.0,9.1,0.0,3.0,1.3722350147022573,103.87236080631
5,42,1,0,1,0,2.4,0.0,2.4,0.0,1.3841961334836543,103.88966915933523
6,49,3,6,2,3,6.1,12.2,4.1,6.1,1.3436341345943459,103.93907379313494
7,29,0,1,0,0,0.0,3.4,0.0,0.0,1.3825906836780537,103.75526287700414
