cluster,school_count,sap_ind,autonomous_ind,gifted_ind,ip_ind,sap_ind_pct,autonomous_ind_pct,gifted_ind_pct,ip_ind_pct,cluster_center_lat,cluster_center_lng
0,38,1,2,0,1,2.6,5.3,0.0,2.6,1.344270723169703,103.72538323342563
1,44,0,0,1,0,0.0,0.0,2.3,0.0,1.3844051737277598,103.89573487488842
2,52,13,8,5,3,25.0,15.4,9.6,5.8,1.3337341446968325,103.87941724963206
3,34,1,4,0,2,2.9,11.8,0.0,5.9,1.3711033378628774,103.8724070492093
4,46,7,5,8,10,15.2,10.9,17.4,21.7,1.3097571826833339,103.80536256920414
5,29,0,1,0,0,0.0,3.4,0.0,0.0,1.3825906836780537,103.75526287700414
6,46,1,7,1,3,2.2,15.2,2.2,6.5,1.3396191962526816,103.93929901697264
7,48,0,1,0,0,0.0,2.1,0.0,0.0,1.434673573672719,103.81272265709663
