cluster,school_count,sap_ind,autonomous_ind,gifted_ind,ip_ind,sap_ind_pct,autonomous_ind_pct,gifted_ind_pct,ip_ind_pct,cluster_center_lat,cluster_center_lng
0,42,1,0,1,0,2.4,0.0,2.4,0.0,1.3841961334836543,103.88966915933523
1,29,0,1,0,0,0.0,3.4,0.0,0.0,1.3825906836780537,103.75526287700414
2,51,3,6,2,3,5.9,11.8,3.9,5.9,1.342877449058009,103.9386926974381
3,44,7,4,8,10,15.9,9.1,18.2,22.7,1.3092655420927872,103.80754758169346
4,51,10,11,4,4,19.6,21.6,7.8,7.8,1.3307646237117035,103.87292949539535
5,39,1,2,0,1,2.6,5.1,0.0,2.6,1.3434757259776775,103.72618440953808
6,48,0,1,0,0,0.0,2.1,0.0,0.0,1.434673573672719,103.81272265709663
7,33,1,3,0,1,3.0,9.1,0.0,3.0,1.3722350147022573,103.87236080631
