cluster,school_count,sap_ind,autonomous_ind,gifted_ind,ip_ind,sap_ind_pct,autonomous_ind_pct,gifted_ind_pct,ip_ind_pct,cluster_center_lat,cluster_center_lng
0,42,1,2,0,1,2.4,4.8,0.0,2.4,1.3426127302092288,103.7283590036968
1,50,10,11,4,4,20.0,22.0,8.0,8.0,1.331124766253091,103.87173515292989
2,50,0,1,0,0,0.0,2.0,0.0,0.0,1.4352945488993298,103.81293793458431
3,43,7,4,8,10,16.3,9.3,18.6,23.3,1.3091384677867783,103.8106677712095
4,33,1,3,0,1,3.0,9.1,0.0,3.0,1.3722350147022573,103.87236080631
5,42,1,0,1,0,2.4,0.0,2.4,0.0,1.3841961334836543,103.88966915933523
6,49,3,6,2,3,6.1,12.2,4.1,6.1,1.3436341345943459,103.93907379313494
7,28,0,1,0,0,0.0,3.6,0.0,0.0,1.3832696720976734,103.75563936935893
